old_name,new_name
WT,MG1655 (WT)
M1,rpoB_S522F (M1)
M2,rpoB_L511P (M2)
M3,rpoB_D516G (M3)
M4,rpoB_I572S (M4)
M5,rpoB_S512F (M5)
M6,rpoB_S531F (M6)
M7,rpoB_H526N (M7)
M8,rpoB_R529L (M8)
M9,rpoB_I572F (M9)
M10,rpoB_S512P (M10)
M11,rpoB_I572L (M11)
M12,rpoB_H526Y (M12)
M13,rpoB_L533P (M13)
M14,rpoB_H526Q (M14)
M15,rpoB_T563P (M15)
M16,rpoB_S509R (M16)
M17,rpoB_D516N (M17)
M18,rpoB_D516V (M18)
M19,rpoB_S531Y (M19)
M20,rpoB_V146G (M20)
M21,rpoB_G534C (M21)
M22,rpoB_R529C (M22)
M23,rpoB_R529G (M23)
M24,rpoB_G570C (M24)
M25,rpoB_Q513P (M25)
M26,rpoB_V146F (M26)
M27,rpoB_A532P (M27)
M28,rpoB_H526D (M28)
